ID,createdAt,createdBy,modifiedAt,modifiedBy,header_ID
435e2567-e29b-82d3-a856-526614274050,2023-06-11 10:00:00,John Doe,2023-06-11 14:00:00,Jane Doe,123e4567-e89b-12d3-a456-426614174000
255e6873-e71b-75d3-d459-826614689052,2023-06-11 10:05:00,Robert Smith,2023-06-11 14:05:00,Sarah Jones,987e6543-e21b-65d3-b459-526614789002
245e9834-e69c-94d2-e853-326614695056,2023-06-11 10:10:00,James Brown,2023-06-11 14:10:00,Jessica Williams,678e1234-e59c-34d2-a853-426614895006
114e7690-d12d-40f3-e456-426614321067,2023-06-11 10:15:00,William Johnson,2023-06-11 14:15:00,Emily Miller,564e7890-e12d-90f3-b456-426614321007
975e5468-d23e-38d9-a459-826614523089,2023-06-11 10:20:00,Joseph Moore,2023-06-11 14:20:00,Linda Taylor,321e6548-e23e-78d9-a459-526614523008
468e8524-d14c-37d3-a459-526614985072,2023-06-11 10:25:00,Robert Smith,2023-06-11 14:25:00,Sarah Jones,852e1476-e39a-56d3-a456-426614369009
753e2149-d21d-65d3-a459-226614478081,2023-06-11 10:30:00,James Brown,2023-06-11 14:30:00,Jessica Williams,753e2148-e21c-65d3-a459-526614478010
149e7563-d89c-12d3-a456-426614875083,2023-06-11 10:35:00,William Johnson,2023-06-11 14:35:00,Emily Miller,149e7562-e89b-12d3-a456-426614875011
963e8524-c14c-37d3-a459-526614985085,2023-06-11 10:40:00,Joseph Moore,2023-06-11 14:40:00,Linda Taylor,963e8524-e14c-37d3-a459-526614985012
574e9632-b25d-89f3-a459-526614789087,2023-06-11 10:45:00,John Doe,2023-06-11 14:45:00,Jane Doe,574e9632-e25d-89f3-a459-526614789013
